none,none
lqfp50p2200x2200x140-144,lqfp50p2200x2200x140-144
bga121n40p11x11_500x500x100b25,bga121n40p11x11_500x500x100b25
bga225n40p15x15_700x700x100b25,bga225n40p15x15_700x700x100b25
bga132n50p14x14_800x800x100b30,bga132n50p14x14_800x800x100b30
bga121n80p11x11_900x900x110b40,bga121n80p11x11_900x900x110b40
bga256n80p16x16_1400x1400x170b45,bga256n80p16x16_1400x1400x170b45
bga121n50p11x11_600x600x100b25,bga121n50p11x11_600x600x100b25
bga81n40p9x9_400x400x100b25,bga81n40p9x9_400x400x100b25
bga36n40p6x6_250x250x100b25,bga36n40p6x6_250x250x100b25
bga49n40p7x7_300x300x100b25,bga49n40p7x7_300x300x100b25

